{"mean":{"confidence_interval":{"confidence_level":0.95,"lower_bound":-0.01697683788172525,"upper_bound":-0.0009489615516843991},"point_estimate":-0.009025990419302743,"standard_error":0.004066642622238408},"median":{"confidence_interval":{"confidence_level":0.95,"lower_bound":-0.011646302648681273,"upper_bound":-0.006185900348484541},"point_estimate":-0.008379784817980296,"standard_error":0.0013412224763451133}}