{"mean":{"confidence_interval":{"confidence_level":0.95,"lower_bound":-0.0045105277663587545,"upper_bound":0.01078903055649857},"point_estimate":0.003226490928024406,"standard_error":0.0038824155159730978},"median":{"confidence_interval":{"confidence_level":0.95,"lower_bound":-0.00007504130839741663,"upper_bound":0.005323282040212551},"point_estimate":0.0027916448839360175,"standard_error":0.0013665324369966183}}