{"mean":{"confidence_interval":{"confidence_level":0.95,"lower_bound":11181.246337536662,"upper_bound":11225.007505214251},"point_estimate":11200.949661782091,"standard_error":11.216536343534399},"median":{"confidence_interval":{"confidence_level":0.95,"lower_bound":11170.877936670071,"upper_bound":11182.964262714593},"point_estimate":11176.985334596815,"standard_error":3.297893423543549},"median_abs_dev":{"confidence_interval":{"confidence_level":0.95,"lower_bound":20.09127991124135,"upper_bound":38.754227877229276},"point_estimate":27.65949371565276,"standard_error":4.655183917915595},"slope":{"confidence_interval":{"confidence_level":0.95,"lower_bound":11170.704673156593,"upper_bound":11197.015186117857},"point_estimate":11183.098374231855,"standard_error":6.714860956170387},"std_dev":{"confidence_interval":{"confidence_level":0.95,"lower_bound":52.779424579707296,"upper_bound":157.9342093797364},"point_estimate":112.73494048268549,"standard_error":26.012328230209746}}