{"mean":{"confidence_interval":{"confidence_level":0.95,"lower_bound":0.009319370726877885,"upper_bound":0.017118127446575888},"point_estimate":0.01338341433775403,"standard_error":0.0019936391018445425},"median":{"confidence_interval":{"confidence_level":0.95,"lower_bound":0.009318532585674166,"upper_bound":0.011369581361062808},"point_estimate":0.01020930965777378,"standard_error":0.0005703099617900056}}