{"mean":{"confidence_interval":{"confidence_level":0.95,"lower_bound":10890.914561413654,"upper_bound":11021.99244699737},"point_estimate":10952.291236928006,"standard_error":33.596746444151655},"median":{"confidence_interval":{"confidence_level":0.95,"lower_bound":10805.714708368554,"upper_bound":10854.451450189155},"point_estimate":10828.551963993454,"standard_error":12.13257223009578},"median_abs_dev":{"confidence_interval":{"confidence_level":0.95,"lower_bound":55.17127528545967,"upper_bound":108.88341837128976},"point_estimate":76.2251531007902,"standard_error":13.605598742019533},"slope":{"confidence_interval":{"confidence_level":0.95,"lower_bound":10825.794289738455,"upper_bound":10903.014265470945},"point_estimate":10860.277881866914,"standard_error":19.851807649098735},"std_dev":{"confidence_interval":{"confidence_level":0.95,"lower_bound":218.6952831132243,"upper_bound":439.3886292241723},"point_estimate":337.7251297994016,"standard_error":56.36247852374346}}