{"mean":{"confidence_interval":{"confidence_level":0.95,"lower_bound":-0.014575011835716037,"upper_bound":0.0034030619463781215},"point_estimate":-0.005649978305959702,"standard_error":0.00457658334951218},"median":{"confidence_interval":{"confidence_level":0.95,"lower_bound":-0.006301555458491759,"upper_bound":-0.00037629883825440746},"point_estimate":-0.0036192631234156503,"standard_error":0.0016660536033081808}}