{"mean":{"confidence_interval":{"confidence_level":0.95,"lower_bound":12806.531861995412,"upper_bound":12875.554623291204},"point_estimate":12839.894952340703,"standard_error":17.635627845529143},"median":{"confidence_interval":{"confidence_level":0.95,"lower_bound":12834.547008547008,"upper_bound":12870.583003663003},"point_estimate":12857.079499217527,"standard_error":7.901344949226451},"median_abs_dev":{"confidence_interval":{"confidence_level":0.95,"lower_bound":54.95436481989469,"upper_bound":147.08859451393425},"point_estimate":81.8271421288749,"standard_error":22.120295504292503},"slope":{"confidence_interval":{"confidence_level":0.95,"lower_bound":12804.82094660297,"upper_bound":12865.91506801139},"point_estimate":12835.53392773376,"standard_error":15.603114506381125},"std_dev":{"confidence_interval":{"confidence_level":0.95,"lower_bound":132.1871585606977,"upper_bound":224.8820491645542},"point_estimate":177.1949013441752,"standard_error":24.237666702435273}}