{"mean":{"confidence_interval":{"confidence_level":0.95,"lower_bound":571493.6219045463,"upper_bound":577706.9409381058},"point_estimate":574394.9179192152,"standard_error":1587.0648347957372},"median":{"confidence_interval":{"confidence_level":0.95,"lower_bound":567329.6097560975,"upper_bound":569178.90625},"point_estimate":567753.0494568795,"standard_error":359.98595285455684},"median_abs_dev":{"confidence_interval":{"confidence_level":0.95,"lower_bound":1608.5420770961628,"upper_bound":3860.21767838911},"point_estimate":2548.0255328768717,"standard_error":498.16627065573107},"slope":{"confidence_interval":{"confidence_level":0.95,"lower_bound":568556.6544277222,"upper_bound":572063.5985742143},"point_estimate":570130.6798847348,"standard_error":898.8386352918295},"std_dev":{"confidence_interval":{"confidence_level":0.95,"lower_bound":10579.216991487683,"upper_bound":20556.942900979153},"point_estimate":15952.031576505071,"standard_error":2555.4303235296593}}