{"mean":{"confidence_interval":{"confidence_level":0.95,"lower_bound":21321.95952276873,"upper_bound":21522.607607606285},"point_estimate":21414.90970581137,"standard_error":51.17932428661877},"median":{"confidence_interval":{"confidence_level":0.95,"lower_bound":21200.269722298977,"upper_bound":21251.679196217494},"point_estimate":21218.146535295928,"standard_error":13.739189102270073},"median_abs_dev":{"confidence_interval":{"confidence_level":0.95,"lower_bound":84.41799357113875,"upper_bound":157.38843279670303},"point_estimate":114.69855612789556,"standard_error":19.1873993135897},"slope":{"confidence_interval":{"confidence_level":0.95,"lower_bound":21260.440762303224,"upper_bound":21382.713498217712},"point_estimate":21318.25149766231,"standard_error":31.209467821730225},"std_dev":{"confidence_interval":{"confidence_level":0.95,"lower_bound":330.332582152516,"upper_bound":664.9383597622256},"point_estimate":513.2458256173513,"standard_error":85.54668444745374}}