{"mean":{"confidence_interval":{"confidence_level":0.95,"lower_bound":0.004761441210808677,"upper_bound":0.014229820849698298},"point_estimate":0.009437238798171821,"standard_error":0.002420376474067178},"median":{"confidence_interval":{"confidence_level":0.95,"lower_bound":0.004745719591894071,"upper_bound":0.01856143087443376},"point_estimate":0.016486783626217028,"standard_error":0.0038663547444889724}}