{"mean":{"confidence_interval":{"confidence_level":0.95,"lower_bound":12754.882221296117,"upper_bound":12796.461029125116},"point_estimate":12773.038042287035,"standard_error":10.673681107762569},"median":{"confidence_interval":{"confidence_level":0.95,"lower_bound":12733.678442238765,"upper_bound":12745.391292735043},"point_estimate":12738.552338772339,"standard_error":3.4724423298764204},"median_abs_dev":{"confidence_interval":{"confidence_level":0.95,"lower_bound":13.668452464280529,"upper_bound":27.921187001299934},"point_estimate":18.20925342303017,"standard_error":3.9117390532373193},"slope":{"confidence_interval":{"confidence_level":0.95,"lower_bound":12746.66526939287,"upper_bound":12783.433486301728},"point_estimate":12762.828996108567,"standard_error":9.541895234273895},"std_dev":{"confidence_interval":{"confidence_level":0.95,"lower_bound":52.66858283681001,"upper_bound":159.5374824561123},"point_estimate":107.06388242830734,"standard_error":29.438498062561898}}