{"mean":{"confidence_interval":{"confidence_level":0.95,"lower_bound":-0.0036042827166367086,"upper_bound":0.012028113787261952},"point_estimate":0.004310786323194149,"standard_error":0.003975954009030142},"median":{"confidence_interval":{"confidence_level":0.95,"lower_bound":0.0011144579055144804,"upper_bound":0.0061294923309513916},"point_estimate":0.0035672396593782185,"standard_error":0.0012786276401267284}}