{"mean":{"confidence_interval":{"confidence_level":0.95,"lower_bound":-0.015490629775804924,"upper_bound":0.0006193962306089082},"point_estimate":-0.0076602571585918655,"standard_error":0.004117329506171531},"median":{"confidence_interval":{"confidence_level":0.95,"lower_bound":-0.010118782592172249,"upper_bound":-0.00447756144185818},"point_estimate":-0.007912065453317685,"standard_error":0.001666997841965457}}