{"mean":{"confidence_interval":{"confidence_level":0.95,"lower_bound":0.004696769018848635,"upper_bound":0.019470963065032303},"point_estimate":0.012394047433847089,"standard_error":0.0038086279450379825},"median":{"confidence_interval":{"confidence_level":0.95,"lower_bound":0.006238438687205389,"upper_bound":0.012262158176884475},"point_estimate":0.009180042506145458,"standard_error":0.0015155492922719297}}