{"mean":{"confidence_interval":{"confidence_level":0.95,"lower_bound":-0.012908236715745728,"upper_bound":0.0032821323890430553},"point_estimate":-0.0048217075170213786,"standard_error":0.004136451000089691},"median":{"confidence_interval":{"confidence_level":0.95,"lower_bound":-0.008352317892697858,"upper_bound":-0.004085501048487261},"point_estimate":-0.0056582290196076634,"standard_error":0.0010788474812508482}}