{"mean":{"confidence_interval":{"confidence_level":0.95,"lower_bound":-0.008639382586102038,"upper_bound":0.006374141057955034},"point_estimate":-0.001277241646591154,"standard_error":0.0038618772669643153},"median":{"confidence_interval":{"confidence_level":0.95,"lower_bound":-0.002313250813273049,"upper_bound":0.0015487637922051434},"point_estimate":-0.0005904118094003374,"standard_error":0.0008617652406067419}}