{"mean":{"confidence_interval":{"confidence_level":0.95,"lower_bound":-0.0017137365737206502,"upper_bound":0.006083764095169929},"point_estimate":0.00203417305155984,"standard_error":0.0019795869059944554},"median":{"confidence_interval":{"confidence_level":0.95,"lower_bound":-0.0012491094826538873,"upper_bound":0.014035099374742677},"point_estimate":0.011475424211632612,"standard_error":0.00471810554422542}}