{"mean":{"confidence_interval":{"confidence_level":0.95,"lower_bound":-0.010737567467937678,"upper_bound":0.003922500484167439},"point_estimate":-0.003509587715969764,"standard_error":0.0037335612369518304},"median":{"confidence_interval":{"confidence_level":0.95,"lower_bound":-0.00724657045274768,"upper_bound":-0.0010217680353524772},"point_estimate":-0.004347677594385924,"standard_error":0.0014918255875398102}}