{"mean":{"confidence_interval":{"confidence_level":0.95,"lower_bound":-0.005376128923567654,"upper_bound":0.011304614621450618},"point_estimate":0.0034351718182190627,"standard_error":0.0042488258363348195},"median":{"confidence_interval":{"confidence_level":0.95,"lower_bound":0.0022807910631805124,"upper_bound":0.008288315337357606},"point_estimate":0.005466797684558156,"standard_error":0.001546066233668032}}