{"mean":{"confidence_interval":{"confidence_level":0.95,"lower_bound":0.012556662537818964,"upper_bound":0.023070781168755754},"point_estimate":0.017945312322687368,"standard_error":0.002670849897630618},"median":{"confidence_interval":{"confidence_level":0.95,"lower_bound":0.010778653290042017,"upper_bound":0.02329546267407845},"point_estimate":0.013612795761491991,"standard_error":0.0031384072351685003}}