{"mean":{"confidence_interval":{"confidence_level":0.95,"lower_bound":12346.9277584922,"upper_bound":12420.084147297981},"point_estimate":12379.945969864575,"standard_error":18.754519087457044},"median":{"confidence_interval":{"confidence_level":0.95,"lower_bound":12318.951739618406,"upper_bound":12329.210012919895},"point_estimate":12324.408978577252,"standard_error":2.7737477183947052},"median_abs_dev":{"confidence_interval":{"confidence_level":0.95,"lower_bound":17.785145051357098,"upper_bound":35.85386222426056},"point_estimate":27.33355845247748,"standard_error":4.611251242199473},"slope":{"confidence_interval":{"confidence_level":0.95,"lower_bound":12318.538506647903,"upper_bound":12343.410431969502},"point_estimate":12330.03866662288,"standard_error":6.342939415925544},"std_dev":{"confidence_interval":{"confidence_level":0.95,"lower_bound":99.96991462463609,"upper_bound":259.53973082257295},"point_estimate":188.21519827608444,"standard_error":40.89273783683671}}