{"mean":{"confidence_interval":{"confidence_level":0.95,"lower_bound":-0.0007653254978329271,"upper_bound":0.013851197353782227},"point_estimate":0.006550108230705787,"standard_error":0.0037075891372974207},"median":{"confidence_interval":{"confidence_level":0.95,"lower_bound":0.004215950130503687,"upper_bound":0.00846905244451146},"point_estimate":0.006659579835121887,"standard_error":0.001110721809159131}}