{"mean":{"confidence_interval":{"confidence_level":0.95,"lower_bound":2016269.394249999,"upper_bound":2030850.357389999},"point_estimate":2022964.8664000006,"standard_error":3754.8582677095355},"median":{"confidence_interval":{"confidence_level":0.95,"lower_bound":2009705.6,"upper_bound":2013468.64},"point_estimate":2011087.78,"standard_error":865.3145033051203},"median_abs_dev":{"confidence_interval":{"confidence_level":0.95,"lower_bound":5000.898667216384,"upper_bound":9687.901268005233},"point_estimate":6899.278977513313,"standard_error":1173.3404036664429},"slope":null,"std_dev":{"confidence_interval":{"confidence_level":0.95,"lower_bound":22101.245477319775,"upper_bound":49769.96616342598},"point_estimate":37623.54842607855,"standard_error":7044.49591940156}}