{"mean":{"confidence_interval":{"confidence_level":0.95,"lower_bound":-0.007494303778920488,"upper_bound":0.005341170462926581},"point_estimate":-0.0014625998383465122,"standard_error":0.0032251862907350486},"median":{"confidence_interval":{"confidence_level":0.95,"lower_bound":-0.007005496475475659,"upper_bound":-0.0018165007653857534},"point_estimate":-0.003532702734360016,"standard_error":0.0014466980766764876}}