{"mean":{"confidence_interval":{"confidence_level":0.95,"lower_bound":-0.0007972509026463386,"upper_bound":0.01455565694229192},"point_estimate":0.006353804485089931,"standard_error":0.0038950615986930942},"median":{"confidence_interval":{"confidence_level":0.95,"lower_bound":0.002584750126638502,"upper_bound":0.0057176465460042625},"point_estimate":0.003960920012995528,"standard_error":0.0007888118899363723}}