{"mean":{"confidence_interval":{"confidence_level":0.95,"lower_bound":-0.030048288528935152,"upper_bound":-0.013734110218975382},"point_estimate":-0.021758498752551092,"standard_error":0.004155475899583995},"median":{"confidence_interval":{"confidence_level":0.95,"lower_bound":-0.02335416159593451,"upper_bound":-0.0170308736696414},"point_estimate":-0.019902507911282452,"standard_error":0.001633774189013247}}