{"mean":{"confidence_interval":{"confidence_level":0.95,"lower_bound":23312.02307523351,"upper_bound":23624.521600733577},"point_estimate":23457.87309349769,"standard_error":80.2082202378113},"median":{"confidence_interval":{"confidence_level":0.95,"lower_bound":23100.108288878815,"upper_bound":23191.34146624263},"point_estimate":23134.275083056476,"standard_error":24.36820420973844},"median_abs_dev":{"confidence_interval":{"confidence_level":0.95,"lower_bound":77.98746291995862,"upper_bound":200.86583823956437},"point_estimate":128.81509587102207,"standard_error":31.365791143346573},"slope":{"confidence_interval":{"confidence_level":0.95,"lower_bound":23138.70353055826,"upper_bound":23302.730237960342},"point_estimate":23210.20805571498,"standard_error":42.30908110957897},"std_dev":{"confidence_interval":{"confidence_level":0.95,"lower_bound":541.5881684188685,"upper_bound":1028.9084664060326},"point_estimate":807.6420627169773,"standard_error":124.16160085208331}}