{"mean":{"confidence_interval":{"confidence_level":0.95,"lower_bound":186955.47026445973,"upper_bound":189152.03930401616},"point_estimate":187986.34270247913,"standard_error":564.7032625286445},"median":{"confidence_interval":{"confidence_level":0.95,"lower_bound":185574.08757062146,"upper_bound":186196.62447257384},"point_estimate":185840.55862193363,"standard_error":178.8734099735362},"median_abs_dev":{"confidence_interval":{"confidence_level":0.95,"lower_bound":932.8075813973626,"upper_bound":1605.3929456709568},"point_estimate":1258.110927899187,"standard_error":177.58229920301613},"slope":{"confidence_interval":{"confidence_level":0.95,"lower_bound":186253.03215623472,"upper_bound":188311.9958914096},"point_estimate":187179.84073395398,"standard_error":527.4524814863862},"std_dev":{"confidence_interval":{"confidence_level":0.95,"lower_bound":3803.2264061038886,"upper_bound":7205.320688065334},"point_estimate":5684.142509639796,"standard_error":866.5149275490008}}