{"mean":{"confidence_interval":{"confidence_level":0.95,"lower_bound":-0.010443653364635009,"upper_bound":0.005855101413614725},"point_estimate":-0.002525691002426389,"standard_error":0.004126835186706875},"median":{"confidence_interval":{"confidence_level":0.95,"lower_bound":-0.004716367762445994,"upper_bound":-0.0010492888532068756},"point_estimate":-0.003163988928257311,"standard_error":0.0008894957913790438}}