{"mean":{"confidence_interval":{"confidence_level":0.95,"lower_bound":-0.03424170490675108,"upper_bound":-0.009481256704449478},"point_estimate":-0.02150070290485384,"standard_error":0.006309395543059657},"median":{"confidence_interval":{"confidence_level":0.95,"lower_bound":-0.009277943251634314,"upper_bound":-0.003265602026826797},"point_estimate":-0.005974911458276222,"standard_error":0.001557154759384994}}