{"mean":{"confidence_interval":{"confidence_level":0.95,"lower_bound":153187.35314708005,"upper_bound":155102.6259807574},"point_estimate":154080.35353375835,"standard_error":490.20351374684617},"median":{"confidence_interval":{"confidence_level":0.95,"lower_bound":152158.7672552167,"upper_bound":152636.52631578947},"point_estimate":152334.68474758323,"standard_error":129.4721581039844},"median_abs_dev":{"confidence_interval":{"confidence_level":0.95,"lower_bound":707.3938732976942,"upper_bound":1533.425066254497},"point_estimate":958.8323704447682,"standard_error":201.97658615084936},"slope":{"confidence_interval":{"confidence_level":0.95,"lower_bound":152392.94115833085,"upper_bound":153295.20752686448},"point_estimate":152797.5712052186,"standard_error":231.5786556900478},"std_dev":{"confidence_interval":{"confidence_level":0.95,"lower_bound":3198.4632071000387,"upper_bound":6341.856046442969},"point_estimate":4945.906853239785,"standard_error":800.6209555624482}}