{"mean":{"confidence_interval":{"confidence_level":0.95,"lower_bound":12630.044842311396,"upper_bound":12697.797047647233},"point_estimate":12661.653802558574,"standard_error":17.287694283045674},"median":{"confidence_interval":{"confidence_level":0.95,"lower_bound":12616.40895057397,"upper_bound":12645.156673846548},"point_estimate":12629.301913732881,"standard_error":7.556759178583928},"median_abs_dev":{"confidence_interval":{"confidence_level":0.95,"lower_bound":37.92955005412389,"upper_bound":89.77439563506059},"point_estimate":52.51281344695093,"standard_error":14.31198063865742},"slope":{"confidence_interval":{"confidence_level":0.95,"lower_bound":12591.939543625767,"upper_bound":12654.295185849625},"point_estimate":12623.318140529338,"standard_error":15.89567331637379},"std_dev":{"confidence_interval":{"confidence_level":0.95,"lower_bound":114.81315589798362,"upper_bound":237.15684160462425},"point_estimate":172.83907861381942,"standard_error":33.753829284156275}}