{"mean":{"confidence_interval":{"confidence_level":0.95,"lower_bound":25279.372210563084,"upper_bound":25595.33268949439},"point_estimate":25426.105699915406,"standard_error":80.85171243710744},"median":{"confidence_interval":{"confidence_level":0.95,"lower_bound":25083.939010989012,"upper_bound":25192.449671052633},"point_estimate":25132.266185150667,"standard_error":26.881462144027367},"median_abs_dev":{"confidence_interval":{"confidence_level":0.95,"lower_bound":127.86988866682138,"upper_bound":252.0063040559783},"point_estimate":171.20385154269823,"standard_error":32.79556705625741},"slope":{"confidence_interval":{"confidence_level":0.95,"lower_bound":25144.2922315498,"upper_bound":25289.440269651463},"point_estimate":25211.330669203486,"standard_error":37.24687374779007},"std_dev":{"confidence_interval":{"confidence_level":0.95,"lower_bound":524.7260752629645,"upper_bound":1049.441096789011},"point_estimate":811.6278081067538,"standard_error":134.4806163374852}}