{"mean":{"confidence_interval":{"confidence_level":0.95,"lower_bound":-0.05349524809347371,"upper_bound":-0.037393778183219775},"point_estimate":-0.045774839879451745,"standard_error":0.004041334728535656},"median":{"confidence_interval":{"confidence_level":0.95,"lower_bound":-0.048946818531841574,"upper_bound":-0.03958075451836748},"point_estimate":-0.04370967378005186,"standard_error":0.002338628937833621}}