{"mean":{"confidence_interval":{"confidence_level":0.95,"lower_bound":13093.375727029232,"upper_bound":13175.630181638628},"point_estimate":13134.226238687783,"standard_error":20.971069933955587},"median":{"confidence_interval":{"confidence_level":0.95,"lower_bound":13080.218581404211,"upper_bound":13196.498556998558},"point_estimate":13130.632408944439,"standard_error":30.2099729126392},"median_abs_dev":{"confidence_interval":{"confidence_level":0.95,"lower_bound":173.79134845590266,"upper_bound":281.2665672540135},"point_estimate":243.71459387125248,"standard_error":25.491670180411816},"slope":{"confidence_interval":{"confidence_level":0.95,"lower_bound":13045.996951609985,"upper_bound":13122.924317841149},"point_estimate":13083.438183315133,"standard_error":19.637753023624406},"std_dev":{"confidence_interval":{"confidence_level":0.95,"lower_bound":184.3907957583596,"upper_bound":236.10379953287617},"point_estimate":211.50263911910622,"standard_error":13.225110929825963}}