{"mean":{"confidence_interval":{"confidence_level":0.95,"lower_bound":11846.942087477626,"upper_bound":11973.900105625842},"point_estimate":11905.814893879413,"standard_error":32.41877916625431},"median":{"confidence_interval":{"confidence_level":0.95,"lower_bound":11767.99806949807,"upper_bound":11827.545309168443},"point_estimate":11795.84311945117,"standard_error":15.335522251775632},"median_abs_dev":{"confidence_interval":{"confidence_level":0.95,"lower_bound":62.92898999126718,"upper_bound":115.52809454082983},"point_estimate":91.15761872571694,"standard_error":14.246944638677036},"slope":{"confidence_interval":{"confidence_level":0.95,"lower_bound":11789.573249302397,"upper_bound":11864.62775119391},"point_estimate":11824.728734509912,"standard_error":19.2458141436786},"std_dev":{"confidence_interval":{"confidence_level":0.95,"lower_bound":213.8995806578332,"upper_bound":424.0090835358572},"point_estimate":326.34575828436544,"standard_error":53.73281738196892}}