{"mean":{"confidence_interval":{"confidence_level":0.95,"lower_bound":-0.0051964507297966095,"upper_bound":0.011846014511670782},"point_estimate":0.0032002778740534144,"standard_error":0.0043747993485406195},"median":{"confidence_interval":{"confidence_level":0.95,"lower_bound":-0.00425792664121738,"upper_bound":0.00005646459730917211},"point_estimate":-0.002268609590143855,"standard_error":0.0010821566342926517}}