{"mean":{"confidence_interval":{"confidence_level":0.95,"lower_bound":646524.3488923893,"upper_bound":654769.1681473652},"point_estimate":650369.1567751239,"standard_error":2115.7907526891686},"median":{"confidence_interval":{"confidence_level":0.95,"lower_bound":641419.4714285714,"upper_bound":643281.8831521738},"point_estimate":642148.8386162034,"standard_error":476.32031930586163},"median_abs_dev":{"confidence_interval":{"confidence_level":0.95,"lower_bound":2683.6362421866656,"upper_bound":5074.8738165696905},"point_estimate":3604.8668337248673,"standard_error":611.9537794135675},"slope":{"confidence_interval":{"confidence_level":0.95,"lower_bound":642947.2440799216,"upper_bound":646968.1836903559},"point_estimate":644828.7636500665,"standard_error":1028.1653905541243},"std_dev":{"confidence_interval":{"confidence_level":0.95,"lower_bound":13609.370100529713,"upper_bound":28396.341442617853},"point_estimate":21350.41574047784,"standard_error":3829.29347626265}}