{"mean":{"confidence_interval":{"confidence_level":0.95,"lower_bound":0.0009658128714739819,"upper_bound":0.00738003312807356},"point_estimate":0.004207167201643935,"standard_error":0.001627660893832507},"median":{"confidence_interval":{"confidence_level":0.95,"lower_bound":0.0023212844220543705,"upper_bound":0.0038501987008416894},"point_estimate":0.0029226738958119114,"standard_error":0.0003492700353247327}}