{"mean":{"confidence_interval":{"confidence_level":0.95,"lower_bound":-0.009851628997964887,"upper_bound":0.00564926115763898},"point_estimate":-0.002155610819325693,"standard_error":0.0038891068427803445},"median":{"confidence_interval":{"confidence_level":0.95,"lower_bound":-0.006201468604801308,"upper_bound":-0.0016288695414202747},"point_estimate":-0.003724385976997646,"standard_error":0.001085824216617459}}