{"mean":{"confidence_interval":{"confidence_level":0.95,"lower_bound":647290.9363960786,"upper_bound":654311.1610091057},"point_estimate":650574.832951106,"standard_error":1793.8699864988357},"median":{"confidence_interval":{"confidence_level":0.95,"lower_bound":642053.553030303,"upper_bound":644859.3703703703},"point_estimate":643082.2375730993,"standard_error":627.1960308502362},"median_abs_dev":{"confidence_interval":{"confidence_level":0.95,"lower_bound":2527.1225426345777,"upper_bound":5870.382579705667},"point_estimate":3852.599945938652,"standard_error":835.645922871541},"slope":{"confidence_interval":{"confidence_level":0.95,"lower_bound":644523.3936789131,"upper_bound":649238.4156715781},"point_estimate":646737.9933131373,"standard_error":1207.2391028028455},"std_dev":{"confidence_interval":{"confidence_level":0.95,"lower_bound":12227.711433209271,"upper_bound":22989.804383685958},"point_estimate":18039.18178976525,"standard_error":2746.3785729284696}}