{"mean":{"confidence_interval":{"confidence_level":0.95,"lower_bound":-0.012925735329260963,"upper_bound":0.003513552997556987},"point_estimate":-0.0048900282671274775,"standard_error":0.004194319526313412},"median":{"confidence_interval":{"confidence_level":0.95,"lower_bound":-0.007887355552758164,"upper_bound":-0.002703253337357831},"point_estimate":-0.004391613733077504,"standard_error":0.0013345208493201121}}