{"mean":{"confidence_interval":{"confidence_level":0.95,"lower_bound":12384.151584155557,"upper_bound":12462.797811290511},"point_estimate":12421.477957405898,"standard_error":20.07588326901956},"median":{"confidence_interval":{"confidence_level":0.95,"lower_bound":12287.977185765265,"upper_bound":12451.819078947368},"point_estimate":12305.834114583333,"standard_error":46.92455982303003},"median_abs_dev":{"confidence_interval":{"confidence_level":0.95,"lower_bound":32.22600160335526,"upper_bound":227.03505782826386},"point_estimate":66.74645839632547,"standard_error":57.625804585537594},"slope":{"confidence_interval":{"confidence_level":0.95,"lower_bound":12344.042498258434,"upper_bound":12403.724020753196},"point_estimate":12372.988190889611,"standard_error":15.241042248814601},"std_dev":{"confidence_interval":{"confidence_level":0.95,"lower_bound":145.55582727705914,"upper_bound":253.4508795318411},"point_estimate":201.36342741053886,"standard_error":27.671334923230283}}