{"mean":{"confidence_interval":{"confidence_level":0.95,"lower_bound":-0.007713715829492015,"upper_bound":0.009260404847010906},"point_estimate":0.0007279344719017811,"standard_error":0.004353575796182963},"median":{"confidence_interval":{"confidence_level":0.95,"lower_bound":-0.004946363866841441,"upper_bound":-0.00008583970195341628},"point_estimate":-0.0024226829621706303,"standard_error":0.0012323434948932216}}