{"mean":{"confidence_interval":{"confidence_level":0.95,"lower_bound":-0.007933340537918334,"upper_bound":0.004540535579710173},"point_estimate":-0.0019306949224799919,"standard_error":0.003143381925295892},"median":{"confidence_interval":{"confidence_level":0.95,"lower_bound":-0.009856070737747413,"upper_bound":-0.005052430897354965},"point_estimate":-0.00705129854642661,"standard_error":0.001145845769843945}}