{"mean":{"confidence_interval":{"confidence_level":0.95,"lower_bound":287429.609783043,"upper_bound":288318.4739837337},"point_estimate":287842.1161020247,"standard_error":227.76496740850956},"median":{"confidence_interval":{"confidence_level":0.95,"lower_bound":286921.03571428574,"upper_bound":287265.3888888889},"point_estimate":287011.43361801247,"standard_error":100.5002967157471},"median_abs_dev":{"confidence_interval":{"confidence_level":0.95,"lower_bound":442.8485404813348,"upper_bound":896.3835080283312},"point_estimate":633.2486913972119,"standard_error":123.85106340789632},"slope":{"confidence_interval":{"confidence_level":0.95,"lower_bound":287244.81124641036,"upper_bound":288151.95205160003},"point_estimate":287647.7434417024,"standard_error":234.50267502421718},"std_dev":{"confidence_interval":{"confidence_level":0.95,"lower_bound":1459.0335784082968,"upper_bound":3001.902085123916},"point_estimate":2285.772849671172,"standard_error":394.7397355371021}}