{"mean":{"confidence_interval":{"confidence_level":0.95,"lower_bound":29317.38531131147,"upper_bound":29690.054678686138},"point_estimate":29495.281741824932,"standard_error":94.95244458789517},"median":{"confidence_interval":{"confidence_level":0.95,"lower_bound":29358.864325697607,"upper_bound":29489.829411764706},"point_estimate":29435.048191721133,"standard_error":36.96530877947915},"median_abs_dev":{"confidence_interval":{"confidence_level":0.95,"lower_bound":260.0428651367873,"upper_bound":684.916943285927},"point_estimate":491.2948675897172,"standard_error":115.30769660612935},"slope":{"confidence_interval":{"confidence_level":0.95,"lower_bound":29247.899859938523,"upper_bound":29545.85405432321},"point_estimate":29394.2350451586,"standard_error":75.96461940370574},"std_dev":{"confidence_interval":{"confidence_level":0.95,"lower_bound":705.0187127367632,"upper_bound":1168.2204901093687},"point_estimate":952.0344621827003,"standard_error":118.27455852531358}}