{"mean":{"confidence_interval":{"confidence_level":0.95,"lower_bound":-0.0034510939548527686,"upper_bound":0.011775895600069995},"point_estimate":0.004337642295556998,"standard_error":0.003870348429641664},"median":{"confidence_interval":{"confidence_level":0.95,"lower_bound":0.002388307249528765,"upper_bound":0.008656965051895948},"point_estimate":0.0060954849715151305,"standard_error":0.0015723197874915615}}