{"mean":{"confidence_interval":{"confidence_level":0.95,"lower_bound":783664.8695071398,"upper_bound":786439.8083940217},"point_estimate":784967.305969307,"standard_error":710.8873105560222},"median":{"confidence_interval":{"confidence_level":0.95,"lower_bound":781964.3981173865,"upper_bound":783228.7837837838},"point_estimate":782275.7954159593,"standard_error":306.6714162464072},"median_abs_dev":{"confidence_interval":{"confidence_level":0.95,"lower_bound":1196.1104123265193,"upper_bound":3700.6648158827143},"point_estimate":2130.5217851411235,"standard_error":735.4450129345329},"slope":{"confidence_interval":{"confidence_level":0.95,"lower_bound":783340.2943816178,"upper_bound":785917.4271325473},"point_estimate":784493.0783375204,"standard_error":663.2905380270337},"std_dev":{"confidence_interval":{"confidence_level":0.95,"lower_bound":4767.178771662786,"upper_bound":9176.848735038693},"point_estimate":7131.133340947677,"standard_error":1129.60091097345}}