{"mean":{"confidence_interval":{"confidence_level":0.95,"lower_bound":10660.575761708487,"upper_bound":10738.59510734568},"point_estimate":10697.382608601683,"standard_error":19.845335190329767},"median":{"confidence_interval":{"confidence_level":0.95,"lower_bound":10659.693087557604,"upper_bound":10683.170548214857},"point_estimate":10669.55124327957,"standard_error":5.492441198825829},"median_abs_dev":{"confidence_interval":{"confidence_level":0.95,"lower_bound":63.468400902932515,"upper_bound":137.3470228091751},"point_estimate":91.71263851840173,"standard_error":19.28467868896734},"slope":{"confidence_interval":{"confidence_level":0.95,"lower_bound":10677.175877107535,"upper_bound":10769.240564947035},"point_estimate":10721.23320039852,"standard_error":23.565940692268743},"std_dev":{"confidence_interval":{"confidence_level":0.95,"lower_bound":134.336759763229,"upper_bound":259.77925281173776},"point_estimate":199.2428864899045,"standard_error":32.31105261502945}}