{"mean":{"confidence_interval":{"confidence_level":0.95,"lower_bound":10684.035818866687,"upper_bound":10867.087056531826},"point_estimate":10769.282704776111,"standard_error":46.88129807199814},"median":{"confidence_interval":{"confidence_level":0.95,"lower_bound":10571.512500278277,"upper_bound":10607.421998379545},"point_estimate":10590.20743536948,"standard_error":10.862337477520995},"median_abs_dev":{"confidence_interval":{"confidence_level":0.95,"lower_bound":53.02588751092207,"upper_bound":113.81137588416405},"point_estimate":79.49015808697573,"standard_error":16.210881440043},"slope":{"confidence_interval":{"confidence_level":0.95,"lower_bound":10587.678347339794,"upper_bound":10655.418545320517},"point_estimate":10619.212404982434,"standard_error":17.31602161124364},"std_dev":{"confidence_interval":{"confidence_level":0.95,"lower_bound":314.608822564169,"upper_bound":597.468178631793},"point_estimate":471.14100874657214,"standard_error":72.26061101551012}}