{"mean":{"confidence_interval":{"confidence_level":0.95,"lower_bound":0.005060406921959149,"upper_bound":0.014576481732757003},"point_estimate":0.009926865097223292,"standard_error":0.0024321497727773957},"median":{"confidence_interval":{"confidence_level":0.95,"lower_bound":0.0036368481943593878,"upper_bound":0.011271273252775327},"point_estimate":0.0047358611817811536,"standard_error":0.001842756834766326}}