{"mean":{"confidence_interval":{"confidence_level":0.95,"lower_bound":0.007386240127685579,"upper_bound":0.015454699457502162},"point_estimate":0.011421203360551191,"standard_error":0.002064515267771998},"median":{"confidence_interval":{"confidence_level":0.95,"lower_bound":0.002860686963356729,"upper_bound":0.008183726083765386},"point_estimate":0.0043838108362612704,"standard_error":0.0016572472830409528}}