{"mean":{"confidence_interval":{"confidence_level":0.95,"lower_bound":-0.24220298492360604,"upper_bound":-0.20628940853339475},"point_estimate":-0.22215711452638576,"standard_error":0.009237914406566686},"median":{"confidence_interval":{"confidence_level":0.95,"lower_bound":-0.23352311603457687,"upper_bound":-0.20388617553011723},"point_estimate":-0.2157451047704343,"standard_error":0.00739213165635292}}