{"mean":{"confidence_interval":{"confidence_level":0.95,"lower_bound":-0.013073337799594997,"upper_bound":0.0006502917669298554},"point_estimate":-0.006170816910167853,"standard_error":0.003516721431610327},"median":{"confidence_interval":{"confidence_level":0.95,"lower_bound":-0.008627983309267711,"upper_bound":-0.003770563960576845},"point_estimate":-0.005740520666227211,"standard_error":0.0011731419375623636}}