{"mean":{"confidence_interval":{"confidence_level":0.95,"lower_bound":-0.017337568904562024,"upper_bound":-0.006918931482975831},"point_estimate":-0.012458089886689505,"standard_error":0.0026308541969701426},"median":{"confidence_interval":{"confidence_level":0.95,"lower_bound":-0.020345915898107636,"upper_bound":-0.01758624810598297},"point_estimate":-0.019034305082083813,"standard_error":0.0007469730070772532}}