{"mean":{"confidence_interval":{"confidence_level":0.95,"lower_bound":0.001977124746912806,"upper_bound":0.016962439640905436},"point_estimate":0.009945165364618314,"standard_error":0.0038023390617588242},"median":{"confidence_interval":{"confidence_level":0.95,"lower_bound":0.007024799997734421,"upper_bound":0.009540635806808417},"point_estimate":0.008406540650513605,"standard_error":0.0006784181121891713}}