{"mean":{"confidence_interval":{"confidence_level":0.95,"lower_bound":59832.076969439826,"upper_bound":60631.659228352844},"point_estimate":60206.93589260738,"standard_error":204.36756910038665},"median":{"confidence_interval":{"confidence_level":0.95,"lower_bound":59239.34212305612,"upper_bound":59402.34927466922},"point_estimate":59300.84478497281,"standard_error":47.9194222670677},"median_abs_dev":{"confidence_interval":{"confidence_level":0.95,"lower_bound":235.04832038319137,"upper_bound":532.0041441006667},"point_estimate":342.0701051411907,"standard_error":79.66244634702137},"slope":{"confidence_interval":{"confidence_level":0.95,"lower_bound":59365.554569881024,"upper_bound":59731.28889477488},"point_estimate":59533.286047688176,"standard_error":93.88130815677668},"std_dev":{"confidence_interval":{"confidence_level":0.95,"lower_bound":1429.7075525415928,"upper_bound":2616.9816347147535},"point_estimate":2048.3283160612505,"standard_error":304.8240922038604}}