{"mean":{"confidence_interval":{"confidence_level":0.95,"lower_bound":-0.02451038809117783,"upper_bound":-0.015418783913794875},"point_estimate":-0.020232871110958284,"standard_error":0.0022958420980555895},"median":{"confidence_interval":{"confidence_level":0.95,"lower_bound":-0.02336698285653141,"upper_bound":-0.02105534675846732},"point_estimate":-0.02242019758229885,"standard_error":0.0007328809488818488}}