{"mean":{"confidence_interval":{"confidence_level":0.95,"lower_bound":0.014433736018361353,"upper_bound":0.024605784742735476},"point_estimate":0.01958836401596442,"standard_error":0.0025831553619273845},"median":{"confidence_interval":{"confidence_level":0.95,"lower_bound":0.009386785412160537,"upper_bound":0.018586247027311043},"point_estimate":0.010864802117144023,"standard_error":0.0027891996001316614}}