{"mean":{"confidence_interval":{"confidence_level":0.95,"lower_bound":-0.024801833020539923,"upper_bound":-0.008228932278141535},"point_estimate":-0.01628108742094536,"standard_error":0.004251188568162779},"median":{"confidence_interval":{"confidence_level":0.95,"lower_bound":-0.021746225192895794,"upper_bound":-0.016343945506477664},"point_estimate":-0.019354979432935737,"standard_error":0.0014055254193959027}}