{"mean":{"confidence_interval":{"confidence_level":0.95,"lower_bound":-0.013791403672523276,"upper_bound":0.002005221528294729},"point_estimate":-0.005634777795510804,"standard_error":0.004016487702624026},"median":{"confidence_interval":{"confidence_level":0.95,"lower_bound":-0.008709088963186895,"upper_bound":-0.00247774890284834},"point_estimate":-0.006345087434387331,"standard_error":0.0015052897652491444}}