{"mean":{"confidence_interval":{"confidence_level":0.95,"lower_bound":-0.009007379357388264,"upper_bound":-0.0005862757861328857},"point_estimate":-0.004836971641747567,"standard_error":0.0021494251159374046},"median":{"confidence_interval":{"confidence_level":0.95,"lower_bound":-0.00933885514669297,"upper_bound":-0.005169388952396492},"point_estimate":-0.006743072380198556,"standard_error":0.0008820858381994734}}