{"mean":{"confidence_interval":{"confidence_level":0.95,"lower_bound":11548.929452580318,"upper_bound":11614.513587630092},"point_estimate":11580.91505628514,"standard_error":16.73471379858341},"median":{"confidence_interval":{"confidence_level":0.95,"lower_bound":11541.818372093023,"upper_bound":11570.249180924646},"point_estimate":11553.48800872093,"standard_error":7.796952875865535},"median_abs_dev":{"confidence_interval":{"confidence_level":0.95,"lower_bound":49.384920837435935,"upper_bound":101.9354435445293},"point_estimate":67.35127947670692,"standard_error":12.824177435505156},"slope":{"confidence_interval":{"confidence_level":0.95,"lower_bound":11532.760149411388,"upper_bound":11635.503382168275},"point_estimate":11582.219468865665,"standard_error":26.176114014748787},"std_dev":{"confidence_interval":{"confidence_level":0.95,"lower_bound":130.10924597580808,"upper_bound":202.42457539809112},"point_estimate":168.59536816382777,"standard_error":18.513228141312926}}