{"mean":{"confidence_interval":{"confidence_level":0.95,"lower_bound":0.010017735002637309,"upper_bound":0.019005384136656898},"point_estimate":0.014446805807769358,"standard_error":0.0023087817926683383},"median":{"confidence_interval":{"confidence_level":0.95,"lower_bound":0.009395187433262515,"upper_bound":0.011672777221891861},"point_estimate":0.01056510616063,"standard_error":0.0005703122072735612}}