{"mean":{"confidence_interval":{"confidence_level":0.95,"lower_bound":21572.76388410452,"upper_bound":21874.402994456268},"point_estimate":21714.445085535954,"standard_error":77.4063702699577},"median":{"confidence_interval":{"confidence_level":0.95,"lower_bound":21381.502323398534,"upper_bound":21431.510258915485},"point_estimate":21395.737722344664,"standard_error":13.117429334406069},"median_abs_dev":{"confidence_interval":{"confidence_level":0.95,"lower_bound":83.71940930566939,"upper_bound":170.14089717194577},"point_estimate":112.05653449572308,"standard_error":21.11027656813494},"slope":{"confidence_interval":{"confidence_level":0.95,"lower_bound":21409.28730094925,"upper_bound":21522.35134067687},"point_estimate":21459.826896640345,"standard_error":29.04373843963068},"std_dev":{"confidence_interval":{"confidence_level":0.95,"lower_bound":542.1946420411073,"upper_bound":967.194558885699},"point_estimate":775.7613444133989,"standard_error":108.81545305609475}}