{"mean":{"confidence_interval":{"confidence_level":0.95,"lower_bound":0.00869884192153525,"upper_bound":0.017476820800401915},"point_estimate":0.012925883046714493,"standard_error":0.002239176551243271},"median":{"confidence_interval":{"confidence_level":0.95,"lower_bound":0.003140913350366814,"upper_bound":0.017651511321180147},"point_estimate":0.004152023686406103,"standard_error":0.003923259377872879}}