{"mean":{"confidence_interval":{"confidence_level":0.95,"lower_bound":-0.013977653497868241,"upper_bound":0.0014001682105445887},"point_estimate":-0.006127215057336266,"standard_error":0.003924984675124197},"median":{"confidence_interval":{"confidence_level":0.95,"lower_bound":-0.011888725914025122,"upper_bound":-0.004519670684948923},"point_estimate":-0.007763236399820572,"standard_error":0.001806101792363638}}