{"mean":{"confidence_interval":{"confidence_level":0.95,"lower_bound":-0.009264174009791478,"upper_bound":0.006582959670252087},"point_estimate":-0.001199974596900466,"standard_error":0.0040614204966437275},"median":{"confidence_interval":{"confidence_level":0.95,"lower_bound":-0.002723031950493948,"upper_bound":0.0015535815375531392},"point_estimate":-0.0007764465825418343,"standard_error":0.0010664707096113863}}