{"mean":{"confidence_interval":{"confidence_level":0.95,"lower_bound":-0.0875675761182929,"upper_bound":-0.0465410400643659},"point_estimate":-0.06663588762696349,"standard_error":0.010491592328722843},"median":{"confidence_interval":{"confidence_level":0.95,"lower_bound":-0.07879923238976905,"upper_bound":-0.018615257489262405},"point_estimate":-0.057063549695481774,"standard_error":0.01524378914814315}}