{"mean":{"confidence_interval":{"confidence_level":0.95,"lower_bound":-0.01614969795226974,"upper_bound":0.0004830209169365283},"point_estimate":-0.008115034538857535,"standard_error":0.0041957656015343715},"median":{"confidence_interval":{"confidence_level":0.95,"lower_bound":-0.0123704897719088,"upper_bound":-0.00784955850104152},"point_estimate":-0.010561626068721575,"standard_error":0.0011719258791675767}}