{"mean":{"confidence_interval":{"confidence_level":0.95,"lower_bound":-0.2731169961528052,"upper_bound":-0.26155909385653453},"point_estimate":-0.2672745559999331,"standard_error":0.0029362326377271016},"median":{"confidence_interval":{"confidence_level":0.95,"lower_bound":-0.2692386087985662,"upper_bound":-0.2627499626385057},"point_estimate":-0.26596964000306167,"standard_error":0.001625282947671999}}