{"mean":{"confidence_interval":{"confidence_level":0.95,"lower_bound":0.0019242509488818429,"upper_bound":0.011298267551634053},"point_estimate":0.006332581821783201,"standard_error":0.002354763809771911},"median":{"confidence_interval":{"confidence_level":0.95,"lower_bound":0.0012108219601427717,"upper_bound":0.0038540946449592273},"point_estimate":0.0022112055713883194,"standard_error":0.0006439500077871594}}