{"mean":{"confidence_interval":{"confidence_level":0.95,"lower_bound":1818334.4934170528,"upper_bound":1839107.3807634523},"point_estimate":1827995.3405103555,"standard_error":5330.342377279164},"median":{"confidence_interval":{"confidence_level":0.95,"lower_bound":1804914.642857143,"upper_bound":1809071.9321468298},"point_estimate":1806152.455,"standard_error":1010.8639031563297},"median_abs_dev":{"confidence_interval":{"confidence_level":0.95,"lower_bound":5809.754835914209,"upper_bound":11693.046405642193},"point_estimate":7722.052774906209,"standard_error":1511.7413357431567},"slope":{"confidence_interval":{"confidence_level":0.95,"lower_bound":1808060.4224936517,"upper_bound":1816836.4538468479},"point_estimate":1812102.4777449386,"standard_error":2250.643192795347},"std_dev":{"confidence_interval":{"confidence_level":0.95,"lower_bound":35584.958168580204,"upper_bound":68357.6207478013},"point_estimate":53439.21015556026,"standard_error":8373.415755786275}}