{"mean":{"confidence_interval":{"confidence_level":0.95,"lower_bound":28007.979383503032,"upper_bound":28102.929140291308},"point_estimate":28051.087375975578,"standard_error":24.315538422098744},"median":{"confidence_interval":{"confidence_level":0.95,"lower_bound":27980.31539351852,"upper_bound":28005.826396276596},"point_estimate":27996.036324786328,"standard_error":7.200304013026426},"median_abs_dev":{"confidence_interval":{"confidence_level":0.95,"lower_bound":38.505809931398645,"upper_bound":96.77131005626296},"point_estimate":63.524123115161,"standard_error":15.92043796501208},"slope":{"confidence_interval":{"confidence_level":0.95,"lower_bound":28000.538759293217,"upper_bound":28077.731698086536},"point_estimate":28032.946276456005,"standard_error":20.240512068627833},"std_dev":{"confidence_interval":{"confidence_level":0.95,"lower_bound":136.74903974427912,"upper_bound":341.3734745817502},"point_estimate":244.63935421899632,"standard_error":52.86269488887834}}