{"mean":{"confidence_interval":{"confidence_level":0.95,"lower_bound":-0.004478930377075478,"upper_bound":0.011010324196973061},"point_estimate":0.0031332596712148053,"standard_error":0.00393637516272184},"median":{"confidence_interval":{"confidence_level":0.95,"lower_bound":0.00009267265099333066,"upper_bound":0.005807063138768331},"point_estimate":0.0031211447593926245,"standard_error":0.0013176323616296633}}